<?xml version="1.0" encoding="UTF-8"?>
<metadata xml:lang="en"><Esri><CreaDate>20150911</CreaDate><CreaTime>09190000</CreaTime><ArcGISFormat>1.0</ArcGISFormat><SyncOnce>TRUE</SyncOnce><DataProperties><lineage><Process ToolSource="c:\program files\arcgis\desktop10.3\ArcToolbox\Toolboxes\Spatial Analyst Tools.tbx\ExtractByMask" Date="20150911" Time="090435">ExtractByMask C:\arctic\slr\pan_slr.tif pan_arctic_bounds_buffer.tif C:\arctic\pan_arctic_slr.tif</Process></lineage><itemProps><itemLocation><linkage Sync="TRUE">file://\\DANYOCUM-PC\C$\arctic\pan_arctic_slrCopy.tif</linkage><protocol Sync="TRUE">Local Area Network</protocol></itemLocation></itemProps><copyHistory><copy source="C:\arctic\pan_arctic_slr.tif" dest="\\DANYOCUM-PC\C$\arctic\pan_arctic_slrCopy.tif" date="20150911" time="09190000"></copy></copyHistory></DataProperties></Esri></metadata>
