<PAMDataset>
  <PAMRasterBand band="1">
    <Histograms>
      <HistItem>
        <HistMin>0</HistMin>
        <HistMax>1942731.75</HistMax>
        <BucketCount>256</BucketCount>
        <IncludeOutOfRange>1</IncludeOutOfRange>
        <Approximate>0</Approximate>
        <HistCounts>178075|34|15|22|20|10|8|27|5|11|12|6|5|5|9|5|3|14|5|2|2|6|4|2|5|2|2|8|2|2|0|3|14|2|2|2|4|0|5|7|8|3|1|12|0|6|3|1|0|2|3|1|3|0|4|2|3|1|14|1|11|1|4|2|1|0|1|0|4|0|13|1|3|0|0|5|5|2|0|3|0|2|0|6|0|0|3|2|5|0|4|2|1|1|5|9|1|9|1|1|2|1|0|0|1|3|0|1|7|6|2|2|1|0|0|1|1|1|0|1|9|1|1|1|10|0|0|2|1|0|0|0|9|1|5|0|1|0|3|1|1|1|1|0|12|2|1|1|0|0|1|0|9|0|0|1|12|0|4|0|0|1|0|0|0|0|1|0|0|0|0|1|0|0|0|0|1|4|0|1|0|1|2|1|0|4|0|3|0|0|0|0|0|0|0|4|0|0|2|0|17|0|0|0|0|0|4|0|4|0|0|0|0|0|0|0|0|0|0|0|0|0|0|0|0|0|0|0|0|0|2|0|0|0|0|0|0|0|0|0|4|0|0|0|0|0|0|0|0|0|0|0|0|0|3|0</HistCounts>
      </HistItem>
    </Histograms>
    <Metadata>
      <MDI key="STATISTICS_COVARIANCES">1801833742.387474</MDI>
      <MDI key="STATISTICS_MAXIMUM">1942731.75</MDI>
      <MDI key="STATISTICS_MEAN">1878.3033304339</MDI>
      <MDI key="STATISTICS_MINIMUM">0</MDI>
      <MDI key="STATISTICS_SKIPFACTORX">1</MDI>
      <MDI key="STATISTICS_SKIPFACTORY">1</MDI>
      <MDI key="STATISTICS_STDDEV">42448.012231287</MDI>
    </Metadata>
  </PAMRasterBand>
</PAMDataset>
